-- MariaDB dump 10.19  Distrib 10.4.24-MariaDB, for Win64 (AMD64)
--
-- Host: localhost    Database: inved
-- ------------------------------------------------------
-- Server version	10.4.24-MariaDB

/*!40101 SET @OLD_CHARACTER_SET_CLIENT=@@CHARACTER_SET_CLIENT */;
/*!40101 SET @OLD_CHARACTER_SET_RESULTS=@@CHARACTER_SET_RESULTS */;
/*!40101 SET @OLD_COLLATION_CONNECTION=@@COLLATION_CONNECTION */;
/*!40101 SET NAMES utf8mb4 */;
/*!40103 SET @OLD_TIME_ZONE=@@TIME_ZONE */;
/*!40103 SET TIME_ZONE='+00:00' */;
/*!40014 SET @OLD_UNIQUE_CHECKS=@@UNIQUE_CHECKS, UNIQUE_CHECKS=0 */;
/*!40014 SET @OLD_FOREIGN_KEY_CHECKS=@@FOREIGN_KEY_CHECKS, FOREIGN_KEY_CHECKS=0 */;
/*!40101 SET @OLD_SQL_MODE=@@SQL_MODE, SQL_MODE='NO_AUTO_VALUE_ON_ZERO' */;
/*!40111 SET @OLD_SQL_NOTES=@@SQL_NOTES, SQL_NOTES=0 */;

--
-- Table structure for table `almacen`
--

DROP TABLE IF EXISTS `almacen`;
/*!40101 SET @saved_cs_client     = @@character_set_client */;
/*!40101 SET character_set_client = utf8 */;
CREATE TABLE `almacen` (
  `id` int(11) NOT NULL AUTO_INCREMENT,
  `almacen` text COLLATE utf8_spanish_ci NOT NULL,
  `fecha` timestamp NOT NULL DEFAULT current_timestamp() ON UPDATE current_timestamp(),
  PRIMARY KEY (`id`)
) ENGINE=InnoDB AUTO_INCREMENT=31 DEFAULT CHARSET=utf8 COLLATE=utf8_spanish_ci;
/*!40101 SET character_set_client = @saved_cs_client */;

--
-- Dumping data for table `almacen`
--

LOCK TABLES `almacen` WRITE;
/*!40000 ALTER TABLE `almacen` DISABLE KEYS */;
INSERT INTO `almacen` VALUES (26,'JOSE MARIA IGLESIAS','2023-02-22 02:30:51'),(27,'PLAZA MEXICO','2023-02-22 02:30:59'),(28,'CAJITITLAN','2023-02-22 02:31:07');
/*!40000 ALTER TABLE `almacen` ENABLE KEYS */;
UNLOCK TABLES;

--
-- Table structure for table `categorias`
--

DROP TABLE IF EXISTS `categorias`;
/*!40101 SET @saved_cs_client     = @@character_set_client */;
/*!40101 SET character_set_client = utf8 */;
CREATE TABLE `categorias` (
  `id` int(11) NOT NULL AUTO_INCREMENT,
  `categoria` text COLLATE utf8_spanish_ci NOT NULL,
  `fecha` timestamp NOT NULL DEFAULT current_timestamp() ON UPDATE current_timestamp(),
  PRIMARY KEY (`id`)
) ENGINE=InnoDB AUTO_INCREMENT=29 DEFAULT CHARSET=utf8 COLLATE=utf8_spanish_ci;
/*!40101 SET character_set_client = @saved_cs_client */;

--
-- Dumping data for table `categorias`
--

LOCK TABLES `categorias` WRITE;
/*!40000 ALTER TABLE `categorias` DISABLE KEYS */;
INSERT INTO `categorias` VALUES (14,'LAPTOP GAMER','2023-02-22 02:31:39'),(15,'LAPTOP WORKSTATION','2023-02-22 02:31:53'),(16,'LAPTOP COMERCIAL','2023-02-22 02:32:03'),(17,'LAPTOP EMPRESARIAL','2023-02-22 02:32:14'),(19,'2 IN 1','2023-02-22 02:32:24'),(21,'LAPTOP EMPRESARIAL ULTRADELGADA','2023-02-22 05:07:52'),(22,'mini pc','2023-02-23 01:22:54'),(23,'reparación ','2023-02-23 01:28:20'),(24,'accesorios y cargadores','2023-02-23 17:52:33'),(25,'pc','2023-02-24 16:10:45'),(26,'monitores','2023-02-24 16:10:54'),(27,'aio','2023-02-25 00:59:47'),(28,'anticipos cambios dinero extra','2023-02-25 01:03:05');
/*!40000 ALTER TABLE `categorias` ENABLE KEYS */;
UNLOCK TABLES;

--
-- Table structure for table `clientes`
--

DROP TABLE IF EXISTS `clientes`;
/*!40101 SET @saved_cs_client     = @@character_set_client */;
/*!40101 SET character_set_client = utf8 */;
CREATE TABLE `clientes` (
  `id` int(11) NOT NULL AUTO_INCREMENT,
  `nombre` text COLLATE utf8_spanish_ci NOT NULL,
  `documento` int(11) NOT NULL,
  `email` text COLLATE utf8_spanish_ci NOT NULL,
  `telefono` text COLLATE utf8_spanish_ci NOT NULL,
  `direccion` text COLLATE utf8_spanish_ci NOT NULL,
  `fecha_nacimiento` date NOT NULL,
  `compras` int(11) NOT NULL,
  `ultima_compra` datetime NOT NULL,
  `fecha` timestamp NOT NULL DEFAULT current_timestamp() ON UPDATE current_timestamp(),
  PRIMARY KEY (`id`)
) ENGINE=InnoDB AUTO_INCREMENT=23 DEFAULT CHARSET=utf8 COLLATE=utf8_spanish_ci;
/*!40101 SET character_set_client = @saved_cs_client */;

--
-- Dumping data for table `clientes`
--

LOCK TABLES `clientes` WRITE;
/*!40000 ALTER TABLE `clientes` DISABLE KEYS */;
INSERT INTO `clientes` VALUES (15,'General',2143,'general@gmail.com','(334) 455-6677','Calle','2034-09-05',80,'2023-03-04 01:06:46','2023-03-04 06:06:46'),(16,'jose samuel nabarrete',3324,'jose@gmail.com','(332) 492-3284','calle','2011-11-11',1,'2023-02-23 13:00:52','2023-02-23 18:00:52'),(17,'mario hernandez',3338,'jose@gmail.com','(333) 809-9929','calle','2012-03-04',0,'0000-00-00 00:00:00','2023-02-23 18:05:23'),(18,'raul navarro',3315,'raul@gmail.com','(331) 547-0516','calle','2012-03-04',0,'0000-00-00 00:00:00','2023-02-23 18:06:31'),(19,'felipe ramos',3312,'felipe@gmail.com','(331) 280-3517','CALLE','2012-03-04',0,'0000-00-00 00:00:00','2023-02-23 18:07:28'),(20,'vicente fabricio',3339,'vicente@gmail.com','(333) 968-7318','calle','2012-03-04',6,'2023-02-24 14:32:43','2023-02-24 19:32:43'),(21,'rafael rodriguez benavidez',3334,'rrrr@gmail.com','(333) 489-5147','calle','2099-08-06',0,'0000-00-00 00:00:00','2023-02-28 17:04:21'),(22,'carlos diaz dc control',3318,'dccontrol@gmail.com','(331) 850-6000','calle','2012-03-04',5,'2023-02-28 12:12:45','2023-02-28 17:12:45');
/*!40000 ALTER TABLE `clientes` ENABLE KEYS */;
UNLOCK TABLES;

--
-- Table structure for table `productos`
--

DROP TABLE IF EXISTS `productos`;
/*!40101 SET @saved_cs_client     = @@character_set_client */;
/*!40101 SET character_set_client = utf8 */;
CREATE TABLE `productos` (
  `id` int(11) NOT NULL AUTO_INCREMENT,
  `id_categoria` int(11) NOT NULL,
  `codigo` text COLLATE utf8_spanish_ci NOT NULL,
  `descripcion` text COLLATE utf8_spanish_ci NOT NULL,
  `imagen` text COLLATE utf8_spanish_ci NOT NULL,
  `stock` int(11) NOT NULL,
  `precio_venta` float NOT NULL,
  `ventas` int(11) NOT NULL,
  `fecha` timestamp NOT NULL DEFAULT current_timestamp() ON UPDATE current_timestamp(),
  `id_almacen` int(11) NOT NULL,
  `estetica` text COLLATE utf8_spanish_ci NOT NULL,
  `cpug` text COLLATE utf8_spanish_ci NOT NULL,
  `precio_remate` float NOT NULL,
  `precio_mayoreo` float NOT NULL,
  PRIMARY KEY (`id`)
) ENGINE=InnoDB AUTO_INCREMENT=210 DEFAULT CHARSET=utf8 COLLATE=utf8_spanish_ci;
/*!40101 SET character_set_client = @saved_cs_client */;

--
-- Dumping data for table `productos`
--

LOCK TABLES `productos` WRITE;
/*!40000 ALTER TABLE `productos` DISABLE KEYS */;
INSERT INTO `productos` VALUES (10,17,'LVt480i5g8R16SD256mbFHD','LENOVO THINKPAD T480 I5 8TH 16GB RAM 256GB SSD','vistas/img/product/LVt480i5g8R16SD256mbFHD/622.jpg',17,6600,12,'2023-03-04 06:06:46',26,'9 D 10','I5 8TH',5999,5999),(11,17,'DLL7400i7g8R16SD512mbFHD','DELL LATITUDE 7400 I7 8TH 16GB RAM  EMPRESARIAL ','vistas/img/product/DLL7400i7g8R16SD512mbFHD/733.jpg',1,8700,0,'2023-02-22 05:04:05',26,'9 D 10','I7 8TH',7799,7799),(12,21,'LVX1i7g8R16SD256mbFHD','LENOVO THINKPAD X1 CARBON TECLADO ILUMINADO TIPO C ','vistas/img/product/LVX1i7g8R16SD256mbFHD/554.jpg',4,11199,0,'2023-02-22 05:26:22',27,'9 D 10','I7 8TH',9900,10299),(13,15,'HPZ15G3iXg6R32SD256mbFHDNvR4','apartada HP ZBOOK 15 G3 32GB RAM 256GB SSD  15 PULGADAS NVIDIA QUADRO M2000M 4GB VRAM','vistas/img/product/HPZ15G3iXg6R32SD256mbFHDNvR4/245.jpg',0,11399,1,'2023-02-25 19:52:07',26,'9 D 10','INTEL XEON SEXTA GEN',10899,10899),(14,17,'lvt480i7g8R16SD512MBhd','lenovo t480 16 ram 512 ssd','vistas/img/product/lvt480i7g8R16SD512MBhd/107.jpg',4,8140,0,'2023-02-24 20:08:33',26,'9 D 10','i7 8550u 8th',7100,7100),(15,17,'lvt480i7g8R16SD512MBhd','lenovo t480 16 ram 512 ssd','vistas/img/product/lvt480i7g8R16SD512MBhd/107.jpg',4,8140,0,'2023-02-24 20:08:33',26,'9 D 10','i7 8550u 8th',7100,7100),(16,21,'lvt480si5g8r16sd256mb','lenovo t480s 16 ram 256 ssd plata','vistas/img/product/lvt480si5g8r16sd256mb/206.jpg',4,7700,0,'2023-02-22 23:22:24',26,'9 d 10','i5-8350u 8th',7000,7000),(17,17,'lvt480si5g8r16sd256b','Lenovo thinkpad t480s touch display 14 16gb ram 256gb ssd','vistas/img/product/lvt480si5g8r16sd256b/444.jpg',2,6600,0,'2023-02-28 21:00:54',27,'9 d 10','i5-8350u 8th',6000,6000),(18,17,'dll7390i7g8r16sd256mbt','dell 7390 16 ram 256 ssd','vistas/img/product/dll7390i7g8r16sd256mbt/922.jpg',1,8030,0,'2023-02-22 21:35:50',26,'9 d 10','i7-8650u 8th',7300,7300),(19,19,'dll52902in1i7g8r16sd256a','dell 5290 2 in 1 16 ram 256 ssd','vistas/img/product/dll52902in1i7g8r16sd256a/461.jpg',6,8140,0,'2023-02-24 19:37:30',26,'9.5 d 10','i7-8650u 8th',7400,7400),(20,17,'dll3380i5g7r8sd256b','dell 3380 8 ram 256 ssd','vistas/img/product/dll3380i5g7r8sd256b/622.jpg',0,4000,1,'2023-02-23 01:51:53',26,'8.5 d 10','i5-7300u',4000,4000),(21,17,'lvt580i5g8r16sd512mbt','lenovo t580 16 ram 512 ssd','vistas/img/product/lvt580i5g8r16sd512mbt/402.jpg',0,7900,1,'2023-02-23 01:52:53',26,'9 d 10','i5-8665u',7900,7900),(22,17,'dlle6420i5g2r8sd120b','dell e6420 8 ram 120 ssd','vistas/img/product/dlle6420i5g2r8sd120b/341.jpg',0,2600,1,'2023-02-23 01:53:18',26,'8.5 d 10','i5-2250u',2600,2600),(23,17,'dll159570i5g8r16sd512nvr4','dell xps 15 9570 16 ram 512 ssd 4 vram','vistas/img/product/dll159570i5g8r16sd512nvr4/920.jpg',0,8400,1,'2023-02-23 01:53:50',26,'9.5 d 10','i5-8665u',8400,8400),(24,22,'lvm720qi5g8r16sd512a','lenovo m720q 16 ram 512 ssd','vistas/img/product/lvm720qi5g8r16sd512a/573.jpg',0,5600,3,'2023-02-23 01:54:21',26,'9.5 d 10','i5-8400t 8th',5600,5600),(25,23,'ssd256','venta ssd 256','vistas/img/product/ssd256/842.png',0,950,2,'2023-02-25 19:55:26',26,'9.5 d 10','ssd256',950,950),(26,24,'cargadell65w','cargador dell 65w','vistas/img/product/cargadell65w/622.png',0,420,1,'2023-02-23 18:00:52',26,'9.5 d 10','n/a',380,380),(27,17,'dlle7270i7g6r8sd512mb','dell e7270 8 ram 512 ssd','vistas/img/product/dlle7270i7g6r8sd512mb/552.jpg',0,5000,1,'2023-02-24 16:37:47',26,'9 d 10','i7-6600u',5000,5000),(28,17,'lvl470i5g7r16sd240b','lenovo l470 16 ram 240 ssd','vistas/img/product/lvl470i5g7r16sd240b/164.jpg',0,4700,1,'2023-02-24 16:39:42',26,'8.5 d 10','i5-7300u',4700,4700),(29,21,'lvl14i7g10r16sd512a','lenovo l14 16 ram 512 ssd','vistas/img/product/lvl14i7g10r16sd512a/132.jpg',0,13500,1,'2023-02-24 16:40:16',26,'9.5 d 10','i7-10 ',13500,13500),(30,21,'lvx380yogai7g8r8sd512mb','lenovo x380 yoga 8 ram 512 ssd','vistas/img/product/lvx380yogai7g8r8sd512mb/748.jpg',0,8800,1,'2023-02-24 16:41:07',26,'9 d 10','i7-8650u 8th',8800,8800),(31,17,'dll5590i7g8r16sd512mb','dell 5590 16 ram 512 ssd','vistas/img/product/dll5590i7g8r16sd512mb/478.jpg',0,8000,1,'2023-02-24 16:42:31',26,'9 d 10','i7-8650u 8th',8000,8000),(32,17,'dlle7280i56r16sd512b','dell e7280 16 ram 512 ssd','vistas/img/product/dlle7280i56r16sd512b/291.jpg',0,4400,2,'2023-02-25 19:51:06',26,'8.5 d 10','i5-6300u',4400,4400),(33,17,'DllE5470i5g6R16SD512mb','Dell latitude e5470 display 14 16gb RAM 500gb ssd','vistas/img/product/DllE5470i5g6R16SD512mb/901.jpg',4,5399,0,'2023-02-24 16:07:11',26,'9 D 10','i5 6200u 6th ',4799,4799),(34,17,'dlle6430i5g3r8hd500b','dell e6430 8 ram 500 hdd','vistas/img/product/dlle6430i5g3r8hd500b/984.jpg',0,3000,1,'2023-02-24 16:59:32',26,'8.5 d 10','i5-3250u',3000,3000),(35,22,'lvm720qi3g8r8hd500a','lenovo m720q 8 ram 500 hdd wifi','vistas/img/product/lvm720qi3g8r8hd500a/217.png',0,3100,1,'2023-02-24 16:53:35',26,'9.5 d 10','i3-8400t',3100,3100),(36,25,'hp8300i3g3r4hd320b','hp 4 ram 320 hdd','vistas/img/product/hp8300i3g3r4hd320b/864.png',0,1000,1,'2023-02-24 16:43:52',26,'8.5 d 10','i3-3220',1000,1000),(37,26,'lvm24','monitor lenovo 24','vistas/img/product/lvm24/965.png',0,2800,1,'2023-02-24 16:44:27',26,'9.5 d 10','na',2800,2800),(38,17,'dll55580i5gr16sd256mb','dell 5580 16 ram 256 ssd','vistas/img/product/dll55580i5gr16sd256mb/535.jpg',0,5900,2,'2023-02-24 19:32:43',26,'9 d 10','i5-6300u',5900,5900),(39,17,'dll5570i5g6r16sd256mb','dell 5570 16 ram 256 ssd','vistas/img/product/dll5570i5g6r16sd256mb/691.jpg',0,5900,2,'2023-02-24 19:32:43',26,'9 d 10','i5-6300u',5900,5900),(40,17,'dll5580i5g7r16sd256mb','dell 5580 16 ram 256 ssd','vistas/img/product/dll5580i5g7r16sd256mb/260.jpg',0,5900,1,'2023-02-24 19:32:43',26,'9 d 10','i5-7300u',5900,5900),(41,17,'dll5500i7g8r32sd1000mb','dell 5500 32 ram 1tb ssd','vistas/img/product/dll5500i7g8r32sd1000mb/536.jpg',0,9900,1,'2023-02-24 19:32:43',26,'9 d 10','i7-8650u 8th',9900,9900),(43,21,'lvt440i5g4R8SD240mb','lenovo thinkpad t440 14 pulgadas 8ram 240ssd','vistas/img/product/lvt440i5g4R8SD240mb/498.jpg',4,4499,0,'2023-02-24 19:13:17',26,'9 D 10','i5 4300u',3499,3499),(45,17,'dll5490i5g8r16sd512nv2mmb','dell 5490 16 ram 512 ssd 2vram','vistas/img/product/dll5490i5g8r16sd512nv2mmb/270.jpg',7,6000,1,'2023-02-24 19:24:07',26,'9 d 10','i5-8350u 8th',5900,5800),(46,19,'dll52902in1i7g8r16sd256mb','Dell latitude 5290 2 in 1 display 12 t iluminado 16 ram 256 ssd','vistas/img/product/dll52902in1i7g8r16sd256mb/644.jpg',2,8140,0,'2023-03-01 00:59:06',27,'10 d 10','i7-8650u 8th',7400,7400),(47,19,'dll52902in1i7g8r16sd256b','dell 5290 2 in 1 16 ram 256 ssd','vistas/img/product/dll52902in1i7g8r16sd256b/429.jpg',10,7480,0,'2023-02-24 19:44:10',26,'8.5 d 10','i7-8650u 8th',6800,6800),(48,19,'dll7212ruggedi5g8r8sd256a','dell 7212 rugged 8 ram 256 ssd','vistas/img/product/dll7212ruggedi5g8r8sd256a/591.jpg',3,11220,0,'2023-02-24 19:55:00',26,'9.5 d 10','i5-8665u',10200,10200),(49,17,'lvt480i7g8r16sd512b','lenovo t480 16 ram 512 ssd','vistas/img/product/lvt480i7g8r16sd512b/579.jpg',8,8140,0,'2023-02-24 21:05:20',26,'8.5 d 10','i7-8650u 8th',77400,7400),(50,21,'lvx1platai5g8r8sd256mb','lenovo x1 carbon 8 ram 256 ssd','vistas/img/product/lvx1platai5g8r8sd256mb/362.jpg',1,6600,0,'2023-02-24 21:08:24',26,'9 d 10','i5-8350u 8th',6000,6000),(51,17,'lvt480i5g8r16sd256b','lenovo t480 16 ram 256 ssd','vistas/img/product/lvt480i5g8r16sd256b/903.jpg',41,6600,0,'2023-02-25 00:35:45',26,'8.5 d 10','i5-8350u 8th',6000,6000),(52,17,'dll5490i5g7r16sd240b','dell 5490 16 ram 240 ssd','vistas/img/product/dll5490i5g7r16sd240b/793.jpg',4,5060,0,'2023-02-24 21:17:23',26,'8.5 d 10','i5-7300u',4600,4600),(53,17,'dll5490i5g7r16sd240mb','dell 5490 16 ram 240 ssd','vistas/img/product/dll5490i5g7r16sd240mb/661.jpg',2,5170,0,'2023-02-24 21:19:35',26,'9 d 10','i5-7300u',4700,4700),(54,17,'dll5490i5g8r8sd256bnv2','dell 5490 8 ram 256 ssd 2 vram','vistas/img/product/dll5490i5g8r8sd256bnv2/834.jpg',3,6160,0,'2023-02-24 21:23:20',26,'8.5 d 10','i5-8665u',5600,5600),(55,17,'dll5490i5g8r8sd256mbnv2','dell 5490 8 ram 256 ssd 2 vram','vistas/img/product/dll5490i5g8r8sd256mbnv2/368.jpg',7,6160,0,'2023-02-24 21:26:31',26,'9 d 10','i5-8665u',5600,5600),(56,17,'hp440g5i3g7r4sd120mb','hp 440g5 4 ram 120 ssd','vistas/img/product/hp440g5i3g7r4sd120mb/295.jpg',9,4400,0,'2023-02-24 21:39:28',26,'9 d 10','i3-7300u',4000,4000),(57,17,'lvx140ee1g2r4hd500mb','lenovo x140e 4 ram 500 hdd','vistas/img/product/lvx140ee1g2r4hd500mb/123.jpg',4,1540,0,'2023-02-24 22:07:28',26,'9 d 10','e1-2250',1400,1400),(58,17,'lvx140ee1g2r4hd500b','lenovo x140e 4 ram 500 hdd','vistas/img/product/lvx140ee1g2r4hd500b/463.jpg',1,1540,0,'2023-02-24 22:09:11',26,'8.5 d 10','e1-2250',1400,1400),(59,17,'lvx140ee1g2r4hd320mb','lenovo x140e 4 ram 320 hdd','vistas/img/product/lvx140ee1g2r4hd320mb/843.jpg',2,1400,1,'2023-02-25 19:47:36',26,'9 d 10','e1-2250',1400,1400),(60,17,'lvx140ee1g2r4hd320b','Lenovo thinkpad x140e display 11 4gb ram 320gb hdd','vistas/img/product/lvx140ee1g2r4hd320b/286.jpg',2,2200,0,'2023-02-28 22:00:44',27,'8.5 d 10','e1-2500 2th',2000,2000),(61,17,'lvt470i5g7r8sd256mb','lenovo t470  ram 256 ssd','vistas/img/product/lvt470i5g7r8sd256mb/641.jpg',0,4900,10,'2023-02-25 01:06:37',26,'9 d 10','i5-7300u',4900,4900),(62,25,'hp8300i3g3r4sd00a','hp torre 8300 4 ram sin disco','vistas/img/product/hp8300i3g3r4sd00a/183.png',0,1500,1,'2023-02-25 01:05:56',26,'9.5 d 10','i3-3220',1500,1500),(63,17,'lvt440pi54g8R240SD','lenovo t440p 8 ram y 240ssd','vistas/img/product/lvt440pi54g8R240SD/281.jpg',2,3700,0,'2023-02-25 01:01:18',26,'9 D 10','i5-4210M',3299,3299),(65,27,'dllaio3240i5g6r4hd500a','all in one dell 3240 4 ram 500 hdd','vistas/img/product/dllaio3240i5g6r4hd500a/504.png',0,3600,5,'2023-02-25 01:05:24',26,'9.5 d 10','i5-6300',3600,3600),(66,28,'anticipopila','anticipo de pila','vistas/img/product/anticipopila/201.jpg',0,500,1,'2023-02-25 01:04:48',26,'9 d 10','12345',500,500),(67,17,'dll5530i7g8r32sd1tbmbnv4','Dell 5530 32 ram 1tb ssd','vistas/img/product/dll5530i7g8r32sd1tbmbnv4/333.jpg',1,16500,0,'2023-02-25 01:19:43',27,'10 d 10','i7-8850h',15000,15000),(68,17,'DLL7390i7g8R16SD240MB','Dell latitude 7390 13 pulgadas 16ram 240ssd','vistas/img/product/DLL7390i7g8R16SD240MB/715.jpg',2,7899,0,'2023-02-25 01:22:40',26,'9 D 10','i7 8650u 8th',6999,6999),(69,17,'LVT470i7G7R8SD256mb','lenovo thinkpad t470 14 pulgadas 8 ram 256ssd','vistas/img/product/LVT470i7G7R8SD256mb/153.jpg',2,6700,0,'2023-02-25 01:28:12',26,'9 D 10','i7 7600u 7th',5999,5999),(70,19,'dll52902in1i7g8r16sd256mb','Dell latitude 5290 2 in 1 display 12 t iluminado 16 ram 256 ssd','vistas/img/product/dll52902in1i7g8r16sd256mb/644.jpg',2,8140,1,'2023-03-01 00:59:06',27,'10 d 10','i7-8650u 8th',7400,7400),(71,17,'LVT470i7G7R32SD256mb','lenovo thinkpad t470 14 pulgadas 32 ram 256ssd','vistas/img/product/LVT470i7G7R32SD256mb/306.jpg',2,7799,0,'2023-02-25 01:33:15',26,'9 D 10','i7 7600u 7th',7299,7299),(72,16,'mac2015i5r8sd250mb','mac 2015 13 pulgadas 8 ram 250 ssd','vistas/img/product/mac2015i5r8sd250mb/504.jpg',1,7150,0,'2023-02-25 01:36:56',27,'10 d 10','i5',6500,6500),(73,17,'dll5580i7g7r24sd256bnv2','dell latitude 5580 display 15 t numerico 24gb ram 256gb ssd nvidia geforce 940mx 2gb','vistas/img/product/dll5580i7g7r24sd256bnv2/450.jpg',1,8470,0,'2023-03-01 01:03:08',27,'8.5 d 10','i7-7820hq',7700,7700),(74,17,'dll7520i7g6r16sd512bnv4','Dell 7520 15 pulgadas 16 ram 512 ssd nvidia quadro m1200 4 gb','vistas/img/product/dll7520i7g6r16sd512bnv4/702.jpg',1,11000,0,'2023-02-25 02:14:00',27,'6 d 10','i7-6820hq',10000,10000),(75,17,'dll7520i7g7r16sd512bnv4','Dell precision workstation 7520 15 pulgadas 16 ram 512 ssd nvidia quadro m2200 4 gb','vistas/img/product/dll7520i7g7r16sd512bnv4/150.jpg',1,11440,0,'2023-02-28 01:47:49',27,'6 d 10','i7-7920hq',10400,10400),(76,17,'dllm4800i7g4r16sd240bnv2','Dell m4800 display 15 t numerico ilum 16 ram 256 ssd nvidia quadro k1100','vistas/img/product/dllm4800i7g4r16sd240bnv2/976.jpg',1,4070,0,'2023-02-25 18:53:16',27,'6 d 10','i7-4810mq 4th',3700,3700),(77,17,'dll7390i7g8r16sd256b','Dell 7390 display 13 t iluminado 16 ram 256 ssd','vistas/img/product/dll7390i7g8r16sd256b/255.jpg',2,7700,0,'2023-02-25 02:39:08',27,'6 d 10','i7-8650u',7000,7000),(78,17,'dll7280i5g7r8sd512b','Dell 7280 display 12 t ilum 8 ram 512 ssd ','vistas/img/product/dll7280i5g7r8sd512b/830.jpg',2,4730,0,'2023-02-25 02:46:14',27,'6 d 10','i5-7300u',4300,4300),(79,17,'dll7290i5g8r8sd512b','Dell 7290 display 12 t ilum 8 ram 512 ssd','vistas/img/product/dll7290i5g8r8sd512b/666.jpg',2,5500,0,'2023-02-25 21:57:17',27,'6 d 10','i5-8350u',5000,5000),(80,17,'dll7290i5g8r8sd240b','Dell 7290 display 12 t ilum 8 ram 256 ssd','vistas/img/product/dll7290i5g8r8sd240b/909.jpg',1,5280,0,'2023-02-25 02:53:22',27,'6 d 10','i5-8350u',4800,4800),(81,17,'dll7290i5g7r8sd512b','Dell 7290 display 12 t ilum 8 ram 512 ssd','vistas/img/product/dll7290i5g7r8sd512b/216.jpg',1,4730,0,'2023-02-25 02:55:46',27,'6 d 10','i5-7300u',4300,4300),(82,17,'hp820g3i5g6R16sd240mb','hp elitebook g20 g3 12 pulgadas 16ram 240ssd','vistas/img/product/hp820g3i5g6R16sd240mb/585.jpg',2,4999,0,'2023-02-25 16:34:38',26,'9 D 10','i5-6300u 7th',4400,4400),(83,17,'dlle5470i5g6r8sd512b','Dell latitude e5470 display 14 8gb ram 512gb ssd','vistas/img/product/dlle5470i5g6r8sd512b/512.jpg',1,4620,0,'2023-02-25 17:23:37',27,'8.5 d 10','i5-6200u 6th',4200,4200),(84,17,'dlle5470i7g6r8sd512mbnv2','Dell latitude e5470 display 14 8gb ram 512gb ssd amd radeon r7 m360 2gb','vistas/img/product/dlle5470i7g6r8sd512mbnv2/472.jpg',1,6490,0,'2023-02-25 18:10:13',27,'9 d 10','i7-6600u 6th',5900,5900),(85,17,'dlle5470i5g6r8sd256b','Dell latitude e5470 display 14 8gb ram 256gb ssd','vistas/img/product/dlle5470i5g6r8sd256b/784.jpg',1,4400,0,'2023-02-25 17:42:44',27,'8.5 d 10','i5-6300u 6th',4000,4000),(86,17,'dlle5440i5g4r8hd500mb','Dell latitude e5440 display 14 8gb ram 500gb hdd','vistas/img/product/dlle5440i5g4r8hd500mb/759.jpg',2,3300,0,'2023-02-25 22:18:47',27,'9 d 10','I5-4200u 4th',3000,3000),(87,17,'dlle5440i5g4r8sd128b','Dell latitude e5440 display 14 8gb ram 128gb ssd','vistas/img/product/dlle5440i5g4r8sd128b/821.jpg',1,3520,0,'2023-02-25 18:09:30',27,'8.5 d 10','i5-4310u 4th',3200,3200),(88,17,'dlle7470i5g6r8sd512mb','Dell latitude e7470 display 14 t iluminado 8gb ram 512gb ssd','vistas/img/product/dlle7470i5g6r8sd512mb/629.jpg',1,4730,0,'2023-02-25 18:17:46',27,'9 d 10','i5-6300u 6th',4300,4300),(89,17,'dlle7450i5g5r8sd256b','Dell latitude e7450 display 14 t iluminado 8gb ram 256gb ssd','vistas/img/product/dlle7450i5g5r8sd256b/717.jpg',1,4070,0,'2023-02-25 18:31:45',27,'8.5 d 10','i5-5300u 5th',3700,3700),(90,17,'dll3470i7g6r16sd256mbnv2','Dell latitude 3470 display 14 nvidia geforce 920m 2gb 16gb ram 256gb ssd','vistas/img/product/dll3470i7g6r16sd256mbnv2/249.jpg',1,7150,0,'2023-02-25 18:44:00',27,'9 d 10','i7-6500u 6th',6500,6500),(91,17,'dll3380i5g7R8sd256mb','dell latitude 3380 8ram 256ssd','vistas/img/product/dll3380i5g7R8sd256mb/367.jpg',4,5100,0,'2023-03-01 01:17:50',26,'9 D 10','i5 7th',5100,5100),(92,17,'dll5490i5g7r16sd256b','Dell latitude 5490 display 14 t iluminado 16gb ram 256gb ssd','vistas/img/product/dll5490i5g7r16sd256b/842.jpg',1,5060,0,'2023-02-25 19:07:59',27,'8.5 d 10','i5-7300u 7th',4600,4600),(93,17,'dll3480i5g7r8sd256b','Dell latitude 3480 display 14 8gb ram 256gb ssd','vistas/img/product/dll3480i5g7r8sd256b/311.jpg',2,4400,0,'2023-02-25 22:46:59',27,'8.5 d 10','i5-7200u 7th',4000,4000),(94,17,'dll5500i5g8r8sd512b','dell 5500 8 ram 512 ssd','vistas/img/product/dll5500i5g8r8sd512b/838.jpg',0,6400,1,'2023-02-25 19:54:12',26,'8.5 d 10','i5-8350u 8th',6400,6400),(95,28,'hdd','hdd','vistas/img/product/hdd/543.png',0,450,2,'2023-02-25 19:58:20',26,'9.5 d 10','na',450,450),(96,17,'dll5420i5g2r8hd500b','dell 5420 8 ram 500 hdd','vistas/img/product/dll5420i5g2r8hd500b/498.jpg',0,2600,1,'2023-02-25 20:07:34',26,'8.5 d 10','i5-2250u',2600,2600),(97,17,'dll5480i5g6r8sd256mb','Dell latitude 5480 display 14 8gb ram 256gb ssd','vistas/img/product/dll5480i5g6r8sd256mb/255.jpg',1,4400,0,'2023-02-25 20:00:49',27,'9 d 10','i5-6300u 6th',4000,4000),(98,17,'dll5490i5g8r8sd512b','Dell latitude 5490 display 14 touch t iluminado 8gb ram 512gb ssd','vistas/img/product/dll5490i5g8r8sd512b/432.jpg',1,6600,0,'2023-02-25 20:10:19',27,'8.5 d 10','i5-8350u 8th',6000,6000),(99,16,'lvt450si7g5r8sd256b','Lenovo thinkpad t450s display 14 8gb ram 256gb ssd','vistas/img/product/lvt450si7g5r8sd256b/880.jpg',1,4950,0,'2023-02-25 20:21:38',27,'8.5 d 10',' i7-5600u 5th',4500,4500),(100,17,'lvt470i5g78sd256btchfhd','lenovo t470 touch 8 ram 256 ssd','vistas/img/product/lvt470i5g78sd256btchfhd/241.jpg',0,4700,2,'2023-02-28 17:26:12',26,'8.5 d 10','i5-7300u',4100,4100),(101,17,'dll3340i3g4r8sd120b','Dell latitude 3340 display 14 8gb ram 120gb ssd','vistas/img/product/dll3340i3g4r8sd120b/687.jpg',1,2860,1,'2023-02-25 23:21:21',27,'8.5 d 10','i3-4005u 4th',2600,2600),(102,17,'dlle5470i7g6r16sd256mbmd2','Dell latitude e5470 display 14 t iluminado 16gb ram 256gb ssd amd radeon r7 m360','vistas/img/product/dlle5470i7g6r16sd256mbmd2/945.jpg',1,6600,0,'2023-02-25 20:53:32',27,'9 d 10','i7 - 6600u 6th',6000,6000),(103,17,'hp640g2i7g6r16sd256mb','Hp probook 640 g2 display 14 t iluminado 16gb ram 256gb ssd','vistas/img/product/hp640g2i7g6r16sd256mb/753.jpg',1,5940,0,'2023-02-25 21:00:59',27,'9 d 10','i7-6600u 6th',5400,5400),(104,17,'dll7390i5g8r8sd512b','Dell latitude 7390 display 13 t iluminado 8gb ram 512gb ssd','vistas/img/product/dll7390i5g8r8sd512b/126.jpg',1,6820,0,'2023-02-25 21:49:50',27,'8.5 d 10','i5-8350u 8th',6200,6200),(105,17,'Lvx250i7g5r8sd256b','Lenovo thinkpad x250 display 12 8gb ram 256gb ','vistas/img/product/Lvx250i7g5r8sd256b/937.jpg',2,4290,0,'2023-03-01 01:09:04',27,'8.5 d 10','i7-5600u 5th',3900,3900),(106,17,'Lvt480i7g8r16sd512mb','Lenovo thinkpad t480 display 14 16gb ram 512gb ssd','vistas/img/product/Lvt480i7g8r16sd512mb/627.jpg',2,8140,1,'2023-02-28 01:37:21',27,'9 d 10','i7-8550u 8th',7400,7400),(107,17,'dlle5440i5g4r8hd500b','Dell latitude e5440 display 14 8gb ram 500gb hdd sin camara','vistas/img/product/dlle5440i5g4r8hd500b/349.jpg',1,3080,0,'2023-02-25 22:21:29',27,'8.5 d 10','I5-4200u',2800,2800),(108,17,'lvt430i5g3r4hd320b','Lenovo thinkpad t430 display 14 t iluminado 4gb ram 320gb hdd','vistas/img/product/lvt430i5g3r4hd320b/562.jpg',1,2640,0,'2023-02-25 22:36:00',27,'8.5 d 10','i5-3320m 3th',2400,2400),(109,17,'lvt480i5g8r16sd512b','Lenovo thinkpad t480 16gb ram 512gb ssd','vistas/img/product/lvt480i5g8r16sd512b/583.jpg',2,6930,0,'2023-02-28 22:24:32',27,'8.5 d 10','I5-8350u 8th',6300,6300),(110,17,'lvt460i7g6r8sd256b','Lenovo thinkpad t460s display 14 t iluminado 8gb ram 256gb ssd','vistas/img/product/lvt460i7g6r8sd256b/603.jpg',1,6820,0,'2023-02-25 22:56:33',27,'8.5 d 10','i7-6600u 6th',6200,6200),(111,17,'hp840g3i5g6r16sd256hd500c','PM Hp elitebook 840 g3 display 14 t iluminado 16gb ram 256gb ssd 500gb hdd','vistas/img/product/hp840g3i5g6r16sd256hd500c/349.jpg',2,5500,0,'2023-03-01 01:44:36',27,'8 d 10','i5-6200u 6th',5000,5000),(112,17,'lvt460i5g6r16sd256c','Lenovo thinkpad t460 display 14 t iluminado 16gb ram 256gb ssd','vistas/img/product/lvt460i5g6r16sd256c/130.jpg',2,5170,0,'2023-02-28 00:06:01',27,'8 d 10','i5-6300u 6th',4700,4700),(114,17,'dlle6440i5g4r8sd320b','Dell latitude e6440 display 14 8gb ram 320gb hhd','vistas/img/product/dlle6440i5g4r8sd320b/321.jpg',6,3300,0,'2023-02-27 21:10:46',27,'8.5 d 10','i5-4310m 4th',3000,3000),(115,17,'dlle5420i7g2r8hd320b','Dell latitude e5420 display 14 8gb ram 320gb hhd','vistas/img/product/dlle5420i7g2r8hd320b/538.jpg',1,4180,0,'2023-02-27 17:24:07',27,'8.5','i7-2640m',3800,3800),(116,17,'dle5430i5g3r8hd500b','Dell latitude e5430 display 14 8gb ram 500gb hdd','vistas/img/product/dle5430i5g3r8hd500b/755.jpg',1,3080,0,'2023-02-27 17:32:47',27,'8.5 d 10','i5-3230m 3th',2800,2800),(117,17,'dll5580i5g7r16sd256b','Dell 5580 display 15 t numerico 16gb ram 256gb ssd','vistas/img/product/dll5580i5g7r16sd256b/965.jpg',1,5500,0,'2023-02-27 17:58:10',27,'8.5 d 10','i5-7200u 7th',5000,5000),(118,17,'dlle6420i5g2r8sd120c','Dell latitude e6420 display 14 8gb ram 128gb ssd','vistas/img/product/dlle6420i5g2r8sd120c/932.jpg',5,2860,0,'2023-02-27 22:27:24',27,'8 d 10','i5-2520m 2th',2600,2600),(119,17,'dll3330i3g3r8hd320b','Dell latitude 3330 display 13 8gb ram 320gb hhd','vistas/img/product/dll3330i3g3r8hd320b/893.jpg',2,2860,0,'2023-02-27 20:03:55',27,'8.5 d 10','i3-3217u 3th',2600,2600),(120,17,'dlle6440i5g4r8hd480b','Dell latitude e6440 display 14 8gb ram 480gb hdd','vistas/img/product/dlle6440i5g4r8hd480b/128.jpg',1,4620,0,'2023-02-27 20:40:42',27,'8.5 d 10','i5-4310m 4th',4200,4200),(121,17,'dlle6440i5g4r8sd128b','Dell latitude e6440 display 14 8gb ram 128gb ssd','vistas/img/product/dlle6440i5g4r8sd128b/590.jpg',2,5940,0,'2023-02-27 21:07:41',27,'8.5 d 10','i7-4600m 4th',5400,5400),(122,17,'dlle6420i5g2r4hd320c','Dell latitude e6420 display 14 4gb ram 320gb hdd','vistas/img/product/dlle6420i5g2r4hd320c/282.jpg',4,2310,0,'2023-02-27 21:26:14',27,'8 d 10','i5-2520m 2th',2100,2100),(123,17,'dlle6430i5g3r12sd256b','Dell latitude e6430 display 14 12gb ram 256gb ssd','vistas/img/product/dlle6430i5g3r12sd256b/111.jpg',3,3740,0,'2023-02-27 22:23:48',27,'8.5 d 10',' i5-3340m 3th',3400,3400),(124,17,'dlle5420i5g2r4hd320b','Dell latitude e5420 display 14 4gb ram 320gb hdd sin camara','vistas/img/product/dlle5420i5g2r4hd320b/754.jpg',1,2530,0,'2023-02-27 21:58:36',27,'8.5 d 10','i5-2410m 2th',2300,2300),(125,17,'dlle5530i5g3r8hd500b','Dell latitude e5530 display 15 t numerico 8gb ram 500gb hdd','vistas/img/product/dlle5530i5g3r8hd500b/891.jpg',1,3740,0,'2023-02-27 22:46:15',27,'8.5 d 10','i5-3340m 3th',3400,3400),(126,17,'dlle6540i7g4r8hd500b','Dell latitude e6540 display 15 t numerico 8gb ram 500gb hdd sin camara','vistas/img/product/dlle6540i7g4r8hd500b/584.jpg',2,5500,0,'2023-02-27 22:52:22',27,'8.5 d 10','i7-4610m 4th',5000,5000),(127,17,'tsbax30i5g8r16sd256mb','Toshiba portege x30 display 13 t iluminado 16gb ram 256gb ssd','vistas/img/product/tsbax30i5g8r16sd256mb/498.jpg',5,5500,0,'2023-02-27 23:44:07',27,'9 d 10','i5-8350u 8th',5000,5000),(128,17,'tsbax30i5g7r16sd256mb','Toshiba portege x30 display 13 t iluminado 16gb ram 256gb ssd','vistas/img/product/tsbax30i5g7r16sd256mb/906.jpg',3,5500,0,'2023-02-27 23:51:24',27,'9 d 10','i5-7300u 7th',5000,5000),(129,17,'lv11en2940r4hd320b','Lenovo thinkpad 11e display 11 4gb ram 320gb hdd','vistas/img/product/lv11en2940r4hd320b/446.jpg',2,1540,0,'2023-02-28 00:01:12',27,'8.5 d 10','Celeron N2940',1400,1400),(130,17,'lv11en2940r4sd128b','Lenovo thinkpad 11e display 11 4gb ram 128gb ssd','vistas/img/product/lv11en2940r4sd128b/135.jpg',1,1980,0,'2023-02-28 00:03:25',27,'8.5 d 10','Celeron N2940',1800,1800),(131,17,'lvt450i5g5r8sd240b','Lenovo thinkpad t450 display 14 t iluminado 8gb ram 240gb ssd','vistas/img/product/lvt450i5g5r8sd240b/674.jpg',1,4070,0,'2023-02-28 00:12:13',27,'8.5 d 10','i5-5300u 5th',3700,3700),(132,17,'lvt440i5g5r8sd240b','Lenovo thinkpad t440 display 14 8gb ram 240gb ssd','vistas/img/product/lvt440i5g5r8sd240b/652.jpg',2,3960,0,'2023-02-28 01:29:30',27,'8.5 d 10','i5-5200u 5th',3600,3600),(133,17,'lvt470i5g7r8sd256b','Lenovo thinkpad t470 touch display 14 8gb ram 256gb ssd','vistas/img/product/lvt470i5g7r8sd256b/318.jpg',5,5390,0,'2023-03-01 00:53:25',27,'8.5 d 10','i5-7300u 7th',4900,4900),(134,17,'lvl430i5g3r8sd256b','Lenovo thinkpad l430 display 14 t iluminado 8gb 256gb ssd','vistas/img/product/lvl430i5g3r8sd256b/692.jpg',1,3190,0,'2023-02-28 00:50:05',27,'8.5 d 10','i5-3320m 3th',2900,2900),(135,17,'lvt430i5g3r8sd256b','Lenovo thinkpad t430 display 14 t iluminado 8gb ram 256gb ssd','vistas/img/product/lvt430i5g3r8sd256b/183.jpg',1,3190,0,'2023-02-28 00:53:09',27,'8.5 d 10','i5-3230m 3th',2900,2900),(136,17,'lvx240i7g4r8sd256b','Lenovo thinkpad x240 display 12 t iluminado 8gb ram 256gb ssd','vistas/img/product/lvx240i7g4r8sd256b/575.jpg',1,4180,0,'2023-02-28 01:23:30',27,'8.5 d 10','i7-4600u 4th',3800,3800),(137,17,'lvt440pi5g4r8sd256b','Lenovo thinkpad t440p display 14 8gb ram 256gb ssd','vistas/img/product/lvt440pi5g4r8sd256b/253.jpg',1,3740,0,'2023-02-28 16:20:53',27,'8.5 d 10','i5-4300m 4th',3400,3400),(138,17,'lvt440pi5g4r8sd256b','Lenovo thinkpad t440p display 14 8gb ram 256gb ssd','vistas/img/product/lvt440pi5g4r8sd256b/253.jpg',1,3740,0,'2023-02-28 16:20:53',27,'8.5 d 10','i5-4300m 4th',3400,3400),(139,17,'lvt440pi5g4r8sd256b','Lenovo thinkpad t440p display 14 8gb ram 256gb ssd','vistas/img/product/lvt440pi5g4r8sd256b/253.jpg',1,3740,0,'2023-02-28 16:20:53',27,'8.5 d 10','i5-4300m 4th',3400,3400),(140,21,'lvx1carboni7g8r16sd256bfhd','lenovo x1 carbon 16 ram 256 ssd','vistas/img/product/lvx1carboni7g8r16sd256bfhd/947.jpg',0,10000,4,'2023-02-28 17:12:45',26,'8.5 d 10','i7-8650u 8th',10300,10300),(141,26,'lvm27','monitor lenovo 27','vistas/img/product/lvm27/679.jpg',0,2800,1,'2023-02-28 17:12:45',26,'9.5 d 10','na',2800,2800),(142,22,'lv720qi5g8r8sd256mb','Mini pc lenovo thinkpad 720q 8gb ram 256gb ssd','vistas/img/product/lv720qi5g8r8sd256mb/771.jpg',0,5280,1,'2023-02-28 17:20:05',27,'9.5 d 10','i5-8400t 8th',4800,4800),(143,22,'lvm720qi3g8r8hd500amtm','kit mini pc m720q monitor teclado y mouse','vistas/img/product/lvm720qi3g8r8hd500amtm/391.png',0,4000,1,'2023-02-28 17:20:41',26,'9.5 d 10','i3-8400t',4000,4000),(144,17,'dllxos159550i5g6r8sd512nv2','dell xps 15 9550 8 ram 512 ssd','vistas/img/product/dllxos159550i5g6r8sd512nv2/213.jpg',0,6800,1,'2023-02-28 17:41:50',26,'9 d 10','i5-6300u',6800,6800),(145,17,'hp640g4i5g8r8sd512b','hp 640g4 8 ram 512 ssd','vistas/img/product/hp640g4i5g8r8sd512b/463.jpg',0,4900,1,'2023-02-28 17:45:39',26,'8.5 d 10','i5-8350u 8th',4900,4900),(146,22,'lvm710qi5g7r8hd500a','lenovo m710q 8 ram 500 hdd','vistas/img/product/lvm710qi5g7r8hd500a/682.jpg',0,2500,1,'2023-02-28 17:54:14',26,'9.5 d 10','i5-7300',2500,2500),(147,22,'m93pi7g4r8sd240hd500mb','Mini pc m93p 8gb ram 240gb ssd 500gb hdd','vistas/img/product/m93pi7g4r8sd240hd500mb/209.jpg',0,4510,1,'2023-02-28 18:09:41',27,'9,5 d 10','i7-4790 4th',4100,4100),(148,17,'dll5490i5g8r24sd256mb','dell 5490 24 ram 256 ssd','vistas/img/product/dll5490i5g8r24sd256mb/794.jpg',0,6000,1,'2023-02-28 18:08:57',26,'9 d 10','i5-8350u 8th',6000,6000),(149,24,'delldelgado','cargador dell delgado ','vistas/img/product/delldelgado/789.png',0,400,1,'2023-02-28 18:10:50',26,'9.5 d 10','na',400,400),(150,26,'lvm19','Monitor lenovo 19 pulgadas','vistas/img/product/lvm19/955.jpg',0,1210,1,'2023-02-28 18:20:17',27,'9.5 d 10','na',1100,1100),(151,17,'dll3490i5g7e8sd512b','dell 3490 8 ram 512 sd','vistas/img/product/dll3490i5g7e8sd512b/631.jpg',0,4200,1,'2023-02-28 18:20:06',26,'8.5 d 10','i5-7300u',4200,4200),(152,17,'dlle5450i5g5r8sd256mb','dell e5450 8 ram 256 ssd','vistas/img/product/dlle5450i5g5r8sd256mb/260.jpg',0,3500,1,'2023-02-28 18:27:10',26,'9 d 10','i5-5300u',3500,3500),(153,24,'teclmousalamba','Teclado y mause alambrico','vistas/img/product/teclmousalamba/533.jpg',0,220,2,'2023-02-28 20:45:42',27,'10 d 10','na',200,200),(154,17,'lvx1i7g8R16ss512b','lenovo x1 yoga 360 touch 16 ram 512ssd','vistas/img/product/lvx1i7g8R16ss512b/746.jpg',0,11300,1,'2023-02-28 20:54:46',26,'9 D 10','i7 8th',11300,113000),(155,17,'lvx1i7g7R16sd512b','lenovo x1 yoga 360 touch 16ram 512ssd','vistas/img/product/lvx1i7g7R16sd512b/920.jpg',1,9600,0,'2023-02-28 20:25:42',26,'9 D 10','I7 7TH',9600,9600),(156,17,'lvx1i5g6R8sd256b','lenovo x1 yoga 360 touch 8ram 256ssd','vistas/img/product/lvx1i5g6R8sd256b/889.jpg',3,6500,0,'2023-02-28 20:29:24',26,'9 D 10','i5 6th',6500,6500),(157,15,'lvp40i7g6R16sd256b','lenovo p40 yoga 360 touch 16ram 256ssd','vistas/img/product/lvp40i7g6R16sd256b/111.jpg',1,9900,0,'2023-02-28 20:31:26',26,'9 D 10','i7 6th',9900,9900),(158,17,'lvi7g4R8sd512b','lenovo yoga 360 touch 8ram 512ssd','vistas/img/product/lvi7g4R8sd512b/840.jpg',1,5000,0,'2023-02-28 20:29:50',26,'9 D 10','i7 4th',5000,5000),(159,22,'hp600g3i5g6r8sd256mb','Mini pc hp prodesk 600 g3 8gb ram 256gb ssd','vistas/img/product/hp600g3i5g6r8sd256mb/181.jpg',0,4290,1,'2023-02-28 20:35:02',27,'9.5 d 10','i5-6500',3900,3900),(160,26,'lvm24mb','Monitor 24 pulgadas','vistas/img/product/lvm24mb/720.jpg',0,2090,1,'2023-02-28 20:45:20',27,'9.5','na',1900,1900),(161,17,'lvt480i7g8r8sd512mb','Lenovo thinkpad t480 display 14 8gb ram 512gb ssd','vistas/img/product/lvt480i7g8r8sd512mb/994.jpg',1,7700,0,'2023-02-28 20:50:03',27,'9.5 d 10','i7-8650u 8th',7000,7000),(162,17,'lvt480si5g8r16sd256b','Lenovo thinkpad t480s touch display 14 16gb ram 256gb ssd','vistas/img/product/lvt480si5g8r16sd256b/444.jpg',2,6600,0,'2023-02-28 21:00:54',27,'9 d 10','i5-8350u 8th',6000,6000),(163,17,'lve440i5g4r8sd256b','Lenovo thinkpad e440 display 14 8gb ram 256gb ssd','vistas/img/product/lve440i5g4r8sd256b/972.jpg',1,3740,0,'2023-02-28 21:05:48',27,'8.5 d 10','i5-4200m 4th',3400,3400),(164,17,'lv12i7g5R8SD128A','lenovo yoga 12 360 touch ','vistas/img/product/lv12i7g5R8SD128A/202.jpg',1,5300,0,'2023-02-28 21:17:13',26,'9 d 10','i7 5th',5300,5300),(165,17,'lvx140ee1g2r4hd320b','Lenovo thinkpad x140e display 11 4gb ram 320gb hdd','vistas/img/product/lvx140ee1g2r4hd320b/286.jpg',2,2200,0,'2023-02-28 22:00:44',27,'8.5 d 10','e1-2500 2th',2000,2000),(166,19,'evoultran3350r4hd32sd256b','Ultrabook evoo display 13 touch 360 grados 4gb ram 32gb disco duro 256gb ssd','vistas/img/product/evoultran3350r4hd32sd256b/115.jpg',1,3300,0,'2023-02-28 22:07:57',27,'8.5 d 10','n3350',3000,3000),(167,17,'lvt480i5g8r16sd256mb','Lenovo thinkpad t480 display 14 t iluminado 16gb ram 256gb ssd','vistas/img/product/lvt480i5g8r16sd256mb/741.jpg',11,6600,0,'2023-02-28 23:30:25',27,'9 d 10','i5-8350u 8th',6000,6000),(168,17,'dll5540i7g9R32SD1tbmb','dell 5540 i7 9th 32ram 1tb ssd','vistas/img/product/dll5540i7g9R32SD1tbmb/424.jpg',1,17300,0,'2023-02-28 22:38:27',26,'9 D 10','i7 9th',17300,17300),(169,15,'dll7530ixg8R64SD1TBbNvR6','dell precision 7530 6vram 64ram 1tb ssd','vistas/img/product/dll7530ixg8R64SD1TBbNvR6/558.jpg',1,18900,0,'2023-02-28 22:56:57',26,'9 D 10','xeon e-2176m',18900,18900),(170,15,'dll7530ixg8R64SD1TBMBNvR6','dell precision 7530 6vram 64ram 1tb ssd','vistas/img/product/dll7530ixg8R64SD1TBMBNvR6/569.jpg',1,18900,0,'2023-02-28 23:03:48',26,'9 D 10','xeon e-2176m',18900,18900),(171,15,'dll7540ixg964SD1TBbNvR6','dell precision 7530 6vram 64ram 1tb ssd','vistas/img/product/dll7540ixg964SD1TBbNvR6/125.jpg',1,23400,0,'2023-02-28 23:06:39',26,'9 D 10','xeon e-2276m',23400,23400),(172,17,'lvt14i7g10r16sd512a','Lenovo thinkpad t14 display 14 t iluminado 16gb ram 512gb ssd','vistas/img/product/lvt14i7g10r16sd512a/742.jpg',1,15180,0,'2023-02-28 23:19:58',27,'9.5 d 10','i7-10510u 10th',13800,13800),(173,15,'dll7540i9g9RSD512B','dell precision 7540 6vram 32ram 512ssd','vistas/img/product/dll7540i9g9RSD512B/878.jpg',1,24800,0,'2023-02-28 23:13:20',26,'9 D 10','i9 9th',24800,24800),(174,17,'lv370i7g7r8sd512mb','Lenovo thinkpad yoga 370 display 13 t iluminado 8gb ram 512gb ssd','vistas/img/product/lv370i7g7r8sd512mb/552.jpg',1,8250,0,'2023-02-28 23:19:35',27,'9 d 10','i7-7500u 7th',7500,7500),(175,17,'lvt540pi5g4R12sd240b','lenovo t540p 12ram  240ssd','vistas/img/product/lvt540pi5g4R12sd240b/851.jpg',1,4200,0,'2023-02-28 23:22:26',26,'9 D 10','i5 4th',4200,4200),(176,17,'lvt470i7g7r32sd256a','Lenovo thinkpad t470 display 14 t iluminado 32gb ram 256gb ssd','vistas/img/product/lvt470i7g7r32sd256a/514.jpg',1,8030,0,'2023-02-28 23:28:49',27,'9.5 d 10','i7-7600u 7th',7300,7300),(177,17,'dll7710i7g6R32sd512b','dell latitude 7710 32Ram 512ssd','vistas/img/product/dll7710i7g6R32sd512b/112.jpg',1,13300,0,'2023-02-28 23:33:55',26,'9 D 10','i7 6th',13300,13300),(178,17,'dllxps159550i5g6r16sd512anv2','Dell xps 15 9550 display 15 t iluminado 16gb ram 512gb ssd Nvidia geoforce gtx 960m 2vram','vistas/img/product/dllxps159550i5g6r16sd512anv2/104.jpg',1,7480,0,'2023-02-28 23:35:56',27,'9.5 d 10','i5-6300hq 6th',6800,6800),(179,17,'hp840g6i5g8r16sd512a','hp 840g6 16 ram 512 ssd','vistas/img/product/hp840g6i5g8r16sd512a/589.jpg',4,7000,0,'2023-02-28 23:39:40',26,'9.5 d 10','i5-8265u',7000,7000),(180,17,'dll5480i5g7r8sd512a','Dell latitude 5480 display 14 t iluminado 8gb ram 512gb ssd','vistas/img/product/dll5480i5g7r8sd512a/345.jpg',1,5060,0,'2023-02-28 23:41:27',27,'9.5 d 10','i5-7300u 7th',4600,4600),(181,17,'dll5480i7g6r16sd256anv2','Dell latitude 5480 display 14 t iluminado 16gb ram 256gb ssd Nvidia geforce 930mx 2vram','vistas/img/product/dll5480i7g6r16sd256anv2/747.jpg',1,6930,0,'2023-02-28 23:46:43',27,'9.5 d 10',' i7-6600u 6th',6300,6300),(182,21,'hp840g6i5g8r8sd512a','Hp elitebook 840 g6 display 14 t iluminado 8gb ram 512gb ssd','vistas/img/product/hp840g6i5g8r8sd512a/846.jpg',1,7700,0,'2023-02-28 23:51:19',27,'9.5 d 10','i5-8265u 8th',7000,7000),(183,17,'hp17i5g8r8sd256a','Hp zbook 17 display 17 t numerico 8gb ram 256gb ssd','vistas/img/product/hp17i5g8r8sd256a/675.jpg',1,6050,0,'2023-03-01 00:08:26',27,'9.5 d 10','i5-8265u 8th',5500,5500),(184,16,'hpzbook171vrami5g4R8sd240b','hp zbook 17  1gb vram 8ram 240ssd','vistas/img/product/hpzbook171vrami5g4R8sd240b/785.jpg',2,4000,0,'2023-02-28 23:58:38',26,'9 D 10','i5 4th',4000,4000),(185,17,'hp820g3i5g6r16sd256mb','hp elitebook 820 g3 12 pulgadas 16ram 240ssd FHD t iluminado ','vistas/img/product/hp820g3i5g6r16sd256mb/317.jpg',1,4840,0,'2023-03-01 00:11:58',27,'9 de 10','i5-6300u 6th',4400,4400),(186,17,'lvt480si5g812ramsd240mb','lenovo t480s touch 12ram 240ssd','vistas/img/product/lvt480si5g812ramsd240mb/140.jpg',2,6200,0,'2023-03-01 00:19:05',26,'9 D 10','i5 8th',6200,6200),(187,17,'lvt470i5g6R8sd240b','t470s 8ram 240ssd','vistas/img/product/lvt470i5g6R8sd240b/311.jpg',1,5800,0,'2023-03-01 00:24:57',26,'9 D 10','i5 6th',5800,5800),(188,17,'lvx1i6g6R8SD256MB','Lenovo x1 carbon  8 ram 256ssd','vistas/img/product/lvx1i6g6R8SD256MB/579.jpg',1,5200,0,'2023-03-01 00:29:33',26,'9 D 10','i5 ',5200,5200),(189,17,'dlle5450i5g5R8SD240mb','dell latitude e5450 8 ram 240ssd','vistas/img/product/dlle5450i5g5R8SD240mb/657.jpg',1,3500,0,'2023-03-01 00:36:35',26,'9 D 10','i5 5th',3500,3500),(190,17,'hp840g4i5g7r16sd240mb','hp elitebook 840 g4 14 pulgadas 16ram 240ssd fhd t iluminado','vistas/img/product/hp840g4i5g7r16sd240mb/217.jpg',1,5280,0,'2023-03-01 00:41:46',27,'9 d 10','i5-7300u',4800,4800),(191,17,'lvx1i7g6R16sd512b','Lenovo x1 carbon  16 ram 512ssd','vistas/img/product/lvx1i7g6R16sd512b/912.jpg',1,10300,0,'2023-03-01 00:45:32',26,'9 D 10','i7 6th',10300,10300),(192,17,'dlle5450i7g5sd240mb','dell latitude e5450 16ram 240ssd','vistas/img/product/dlle5450i7g5sd240mb/602.jpg',1,4000,0,'2023-03-01 00:51:39',26,'9 D 10','i7 5th',4000,4000),(193,17,'dlle6440i5g4R8320hddb','dell latitude e6440 8 ram y 320hdd','vistas/img/product/dlle6440i5g4R8320hddb/455.jpg',50,3800,2,'2023-03-02 03:55:21',26,'9 D 10','i5 4th',3800,3800),(194,17,'dlle6440i5g4R8500hddb','dell latitude e6440 8 ram y  500hdd','vistas/img/product/dlle6440i5g4R8500hddb/909.jpg',3,4000,0,'2023-03-01 00:59:03',26,'9 D 10','i5 4th',4000,4000),(195,17,'dlle6440i5g4R4320hddb','dell latitude e6440 4 ram y 320hdd','vistas/img/product/dlle6440i5g4R4320hddb/714.jpg',1,3200,0,'2023-03-01 01:01:25',26,'9 D 10','i5 4th',3200,3200),(196,17,'dlle6440i5g4R8sd120b','dell latitude e6440 8 ram y 120ssd','vistas/img/product/dlle6440i5g4R8sd120b/372.jpg',2,3400,0,'2023-03-01 01:03:47',26,'9 D 10','i5 4th',3400,3400),(197,17,'dll7300i7g8R16sd256mb','dell latitude 7300 16 ram y 256ssd','vistas/img/product/dll7300i7g8R16sd256mb/991.jpg',2,7000,0,'2023-03-01 01:07:54',26,'9 D 10','i7 8th',7000,7000),(198,17,'dll3380i5g7R8sd256mb','dell latitude 3380 8ram 256ssd','vistas/img/product/dll3380i5g7R8sd256mb/367.jpg',4,5100,0,'2023-03-01 01:17:50',26,'9 D 10','i5 7th',5100,5100),(199,17,'lvt480i5g8r16sd512mb','lenovo t480 i5g8 16 ram 512 ssd','vistas/img/product/lvt480i5g8r16sd512mb/711.jpg',1,6000,1,'2023-03-01 01:18:19',26,'9 d 10','i5-8350u 8th',6000,6000),(200,17,'dlli5g7r8sd128b','dell 3380 8 ram 128ssd','vistas/img/product/dlli5g7r8sd128b/845.jpg',2,4800,0,'2023-03-01 01:17:06',26,'9 D 10','i5 7th',4800,4800),(201,15,'hp15g3xeone64sd256mb','hp zbook 15g3 xeon 64 ram 256 ssd','vistas/img/product/hp15g3xeone64sd256mb/756.jpg',0,12900,1,'2023-03-01 01:18:35',26,'9 d 10','xeon',12900,12900),(202,17,'lvt470i5g7r8sd256mb','lenovo thinkpad t470 14 pulgadas touch FHD 8ram 256ssd t iluminado t español','vistas/img/product/lvt470i5g7r8sd256mb/768.jpg',1,5390,0,'2023-03-01 01:19:50',27,'9 de 10','i5-7300u',4900,4900),(203,17,'hp440g5i3g7r12sd120mb','Hp probook 440 g5 display 14 t iluminado 12gb ram 120gb ssd','vistas/img/product/hp440g5i3g7r12sd120mb/206.jpg',1,4400,0,'2023-03-01 01:20:12',27,'9 d 10','i3-7100u 7th',4000,4000),(204,16,'mac2015i7r16sd256mb','macbook pro 2015 i7 16 ram 256 ssd','vistas/img/product/mac2015i7r16sd256mb/556.jpg',0,8500,1,'2023-03-01 01:21:21',26,'9 d 10','i7',8500,8500),(205,17,'lv81fyn3450r4sd120b','pm Lenovo 81 fy display 12 touch 360 grados 4gb ram 120gb ssd','vistas/img/product/lv81fyn3450r4sd120b/229.jpg',1,2090,0,'2023-03-01 01:38:26',27,'8.5 d 10','N3450',1900,1900),(206,17,'hp640g2i5g6r8sd256mb','hp 640 g2 8 ram 256ssd','vistas/img/product/hp640g2i5g6r8sd256mb/339.jpg',1,4200,1,'2023-03-02 02:16:01',26,'9 D 10','i5 6th',4200,4200),(207,17,'hp440g3i5g6R8sd240mb','hp 440g3 8ram y 240ssd','vistas/img/product/hp440g3i5g6R8sd240mb/698.jpg',1,4000,0,'2023-03-01 01:50:43',26,'9 D 10','i5 6th ',4000,4000),(208,17,'hp450g2i5g5R81tbhddMB','hp 450 g2  8 ram y 1tb','vistas/img/product/hp450g2i5g5R81tbhddMB/127.jpg',2,3900,0,'2023-03-01 01:58:10',26,'9 D 10','i5 5th',3900,3900),(209,17,'hp450g3i5g6R8sd240mb','hp 450 g3 8 ram y 240ssd','vistas/img/product/hp450g3i5g6R8sd240mb/111.jpg',1,4300,0,'2023-03-01 02:05:59',26,'9 D 10','i5 6th',4300,4300);
/*!40000 ALTER TABLE `productos` ENABLE KEYS */;
UNLOCK TABLES;

--
-- Table structure for table `usuarios`
--

DROP TABLE IF EXISTS `usuarios`;
/*!40101 SET @saved_cs_client     = @@character_set_client */;
/*!40101 SET character_set_client = utf8 */;
CREATE TABLE `usuarios` (
  `id` int(11) NOT NULL AUTO_INCREMENT,
  `nombre` text COLLATE utf8_spanish_ci NOT NULL,
  `usuario` text COLLATE utf8_spanish_ci NOT NULL,
  `password` text COLLATE utf8_spanish_ci NOT NULL,
  `perfil` text COLLATE utf8_spanish_ci NOT NULL,
  `foto` text COLLATE utf8_spanish_ci NOT NULL,
  `estado` int(11) NOT NULL,
  `ultimo_login` datetime NOT NULL,
  `fecha` timestamp NOT NULL DEFAULT current_timestamp() ON UPDATE current_timestamp(),
  PRIMARY KEY (`id`)
) ENGINE=InnoDB AUTO_INCREMENT=78 DEFAULT CHARSET=utf8 COLLATE=utf8_spanish_ci;
/*!40101 SET character_set_client = @saved_cs_client */;

--
-- Dumping data for table `usuarios`
--

LOCK TABLES `usuarios` WRITE;
/*!40000 ALTER TABLE `usuarios` DISABLE KEYS */;
INSERT INTO `usuarios` VALUES (1,'Administrador','admin','$2a$07$asxx54ahjppf45sd87a5auXBm1Vr2M1NV5t/zNQtGHGpS5fFirrbG','Administrador','vistas/img/usuarios/admin/191.jpg',1,'2023-03-04 01:27:51','2023-03-04 06:27:51'),(58,'Julio Gómez','julio','$2a$07$asxx54ahjppf45sd87a5aufLOZJB3yFjwjibLNsrzKcKIuIqW6n4e','Especial','vistas/img/usuarios/julio/100.png',0,'2023-02-21 22:05:02','2023-02-22 03:07:34'),(61,'Sergio García','Sergio','$2a$07$asxx54ahjppf45sd87a5aubCC06nCgwsg2602rl5.YuGQ9W9zAIyO','Administrador','vistas/img/usuarios/Sergio/572.png',1,'2023-02-28 14:13:42','2023-02-28 19:13:42'),(62,'Luis Compumex','Luis','$2a$07$asxx54ahjppf45sd87a5auu8OYqp7FA4BjUw5s0LSaAhLR5a6ISpG','Administrador','vistas/img/usuarios/Luis/905.png',1,'2023-02-28 12:03:19','2023-02-28 17:03:19'),(63,'Kevin Garcia','Kevin','$2a$07$asxx54ahjppf45sd87a5audIc8fGiIgU./nm6uHlFF7YdMbo/yLui','Administrador','vistas/img/usuarios/Kevin/478.png',1,'0000-00-00 00:00:00','2023-02-22 19:08:25'),(67,'Ventas','Ventas','$2a$07$asxx54ahjppf45sd87a5auRajNP0zeqOkB9Qda.dSiTb2/n.wAC/2','Vendedor','vistas/img/usuarios/Ventas/859.jpg',1,'2023-02-24 11:35:47','2023-02-24 16:35:47'),(68,'Jonathan','Jonathan','$2a$07$asxx54ahjppf45sd87a5aud2Ua8LiyMoi.kQzXwk2E8NbpH58mzWC','Especial','vistas/img/usuarios/Jonathan/318.png',1,'2023-02-22 14:34:21','2023-02-22 19:34:21'),(69,'Beto','Beto','$2a$07$asxx54ahjppf45sd87a5au.fFcbA1WNrKddS6C5G0iAaX.FyD4plG','Especial','vistas/img/usuarios/Beto/742.png',1,'2023-02-22 14:37:18','2023-02-22 19:37:45'),(70,'invitados','invitado','$2a$07$asxx54ahjppf45sd87a5aua2IJQJwXVSIRJUUcjWadZHYUhShvsju','Invitado','vistas/img/usuarios/invitado/822.png',1,'2023-02-22 18:20:38','2023-02-22 23:20:38'),(71,'captura plaza mex','Plazamex','$2a$07$asxx54ahjppf45sd87a5auRajNP0zeqOkB9Qda.dSiTb2/n.wAC/2','Especial','vistas/img/usuarios/Plazamex/898.jpg',1,'2023-02-28 20:52:08','2023-03-01 01:52:08'),(72,'venta plaza mex','Vplazamex','$2a$07$asxx54ahjppf45sd87a5auRajNP0zeqOkB9Qda.dSiTb2/n.wAC/2','Vendedor','vistas/img/usuarios/Vplazamex/267.jpg',1,'2023-02-28 20:38:50','2023-03-01 01:38:50'),(74,'Monica','7','$2a$07$asxx54ahjppf45sd87a5au1z2J05LNPC.27oaJt.LYgkpwTLhwYGC','Administrador','vistas/img/usuarios/7/694.jpg',1,'0000-00-00 00:00:00','2023-02-25 14:10:17'),(75,'luz','Luz','$2a$07$asxx54ahjppf45sd87a5auiCGYyS7956v4NXuRWBed7qixafv.bii','Especial','vistas/img/usuarios/Luz/818.png',1,'0000-00-00 00:00:00','2023-02-25 15:37:10'),(76,'Karol','Karol','$2a$07$asxx54ahjppf45sd87a5auiymjj3NxbBN4oddr1.hKhD/HfHtjEOu','Especial','vistas/img/usuarios/Karol/221.jpg',1,'0000-00-00 00:00:00','2023-02-25 15:42:14'),(77,'Leo','Leo','$2a$07$asxx54ahjppf45sd87a5auCPRYc6dZe6XQ3TrekEtFvZ6gYAojIDS','Especial','vistas/img/usuarios/Leo/921.png',1,'2023-02-28 18:49:17','2023-02-28 23:49:17');
/*!40000 ALTER TABLE `usuarios` ENABLE KEYS */;
UNLOCK TABLES;

--
-- Table structure for table `ventas`
--

DROP TABLE IF EXISTS `ventas`;
/*!40101 SET @saved_cs_client     = @@character_set_client */;
/*!40101 SET character_set_client = utf8 */;
CREATE TABLE `ventas` (
  `id` int(11) NOT NULL AUTO_INCREMENT,
  `codigo` int(11) NOT NULL,
  `id_cliente` int(11) NOT NULL,
  `id_vendedor` int(11) NOT NULL,
  `productos` text COLLATE utf8_spanish_ci NOT NULL,
  `impuesto` float NOT NULL,
  `neto` float NOT NULL,
  `total` float NOT NULL,
  `metodo_pago` text COLLATE utf8_spanish_ci NOT NULL,
  `fecha` timestamp NOT NULL DEFAULT current_timestamp() ON UPDATE current_timestamp(),
  PRIMARY KEY (`id`)
) ENGINE=InnoDB AUTO_INCREMENT=105 DEFAULT CHARSET=utf8 COLLATE=utf8_spanish_ci;
/*!40101 SET character_set_client = @saved_cs_client */;

--
-- Dumping data for table `ventas`
--

LOCK TABLES `ventas` WRITE;
/*!40000 ALTER TABLE `ventas` DISABLE KEYS */;
INSERT INTO `ventas` VALUES (44,10001,15,67,'[{\"id\":\"20\",\"descripcion\":\"dell 3380 8 ram 256 ssd\",\"cantidad\":\"1\",\"stock\":\"0\",\"precio\":\"4000\",\"total\":\"4000\"}]',0,4000,4000,'Efectivo','2023-02-23 01:51:53'),(45,10002,15,67,'[{\"id\":\"21\",\"descripcion\":\"lenovo t580 16 ram 512 ssd\",\"cantidad\":\"1\",\"stock\":\"0\",\"precio\":\"7900\",\"total\":\"7900\"}]',0,7900,7900,'Efectivo','2023-02-23 01:52:53'),(46,10003,15,67,'[{\"id\":\"22\",\"descripcion\":\"dell e6420 8 ram 120 ssd\",\"cantidad\":\"1\",\"stock\":\"0\",\"precio\":\"2600\",\"total\":\"2600\"}]',0,2600,2600,'Efectivo','2023-02-23 01:53:18'),(47,10004,15,67,'[{\"id\":\"23\",\"descripcion\":\"dell xps 15 9570 16 ram 512 ssd 4 vram\",\"cantidad\":\"1\",\"stock\":\"0\",\"precio\":\"8400\",\"total\":\"8400\"}]',0,8400,8400,'Efectivo','2023-02-23 01:53:50'),(48,10005,15,67,'[{\"id\":\"24\",\"descripcion\":\"lenovo m720q 16 ram 512 ssd\",\"cantidad\":\"3\",\"stock\":\"0\",\"precio\":\"5600\",\"total\":\"16800\"}]',0,16800,16800,'Efectivo','2023-02-23 01:54:21'),(49,10006,15,67,'[{\"id\":\"25\",\"descripcion\":\"venta ssd 256\",\"cantidad\":\"1\",\"stock\":\"0\",\"precio\":\"950\",\"total\":\"950\"}]',0,950,950,'Efectivo','2023-02-23 01:54:42'),(51,10007,16,67,'[{\"id\":\"26\",\"descripcion\":\"cargador dell 65w\",\"cantidad\":\"1\",\"stock\":\"0\",\"precio\":\"420\",\"total\":\"420\"}]',0,420,420,'Efectivo','2023-02-23 18:00:52'),(52,10008,15,67,'[{\"id\":\"27\",\"descripcion\":\"dell e7270 8 ram 512 ssd\",\"cantidad\":\"1\",\"stock\":\"0\",\"precio\":\"5000\",\"total\":\"5000\"}]',0,5000,5000,'Efectivo','2023-02-24 16:37:47'),(53,10009,15,67,'[{\"id\":\"28\",\"descripcion\":\"lenovo l470 16 ram 240 ssd\",\"cantidad\":\"1\",\"stock\":\"0\",\"precio\":\"4700\",\"total\":\"4700\"}]',0,4700,4700,'Efectivo','2023-02-24 16:39:42'),(54,10010,15,67,'[{\"id\":\"29\",\"descripcion\":\"lenovo l14 16 ram 512 ssd\",\"cantidad\":\"1\",\"stock\":\"0\",\"precio\":\"13500\",\"total\":\"13500\"}]',0,13500,13500,'Efectivo','2023-02-24 16:40:16'),(55,10011,15,67,'[{\"id\":\"30\",\"descripcion\":\"lenovo x380 yoga 8 ram 512 ssd\",\"cantidad\":\"1\",\"stock\":\"0\",\"precio\":\"8800\",\"total\":\"8800\"}]',0,8800,8800,'Efectivo','2023-02-24 16:41:07'),(56,10012,15,67,'[{\"id\":\"31\",\"descripcion\":\"dell 5590 16 ram 512 ssd\",\"cantidad\":\"1\",\"stock\":\"0\",\"precio\":\"8000\",\"total\":\"8000\"}]',0,8000,8000,'Efectivo','2023-02-24 16:42:31'),(57,10013,15,67,'[{\"id\":\"32\",\"descripcion\":\"dell e7280 16 ram 512 ssd\",\"cantidad\":\"1\",\"stock\":\"0\",\"precio\":\"5150\",\"total\":\"5150\"}]',0,5150,5150,'Efectivo','2023-02-24 16:43:04'),(58,10014,15,67,'[{\"id\":\"36\",\"descripcion\":\"hp 4 ram 320 hdd\",\"cantidad\":\"1\",\"stock\":\"0\",\"precio\":\"1000\",\"total\":\"1000\"}]',0,1000,1000,'Efectivo','2023-02-24 16:43:52'),(59,10015,15,67,'[{\"id\":\"37\",\"descripcion\":\"monitor lenovo 24\",\"cantidad\":\"1\",\"stock\":\"0\",\"precio\":\"2800\",\"total\":\"2800\"}]',0,2800,2800,'Efectivo','2023-02-24 16:44:27'),(63,10017,15,67,'[{\"id\":\"35\",\"descripcion\":\"lenovo m720q 8 ram 500 hdd wifi\",\"cantidad\":\"1\",\"stock\":\"0\",\"precio\":\"3100\",\"total\":\"3100\"}]',0,3100,3100,'Efectivo','2023-02-24 16:53:35'),(64,10018,15,67,'[{\"id\":\"34\",\"descripcion\":\"dell e6430 8 ram 500 hdd\",\"cantidad\":\"1\",\"stock\":\"0\",\"precio\":\"3000\",\"total\":\"3000\"}]',0,3000,3000,'Efectivo','2023-02-24 16:59:32'),(65,10019,15,62,'[{\"id\":\"45\",\"descripcion\":\"dell 5490 16 ram 512 ssd 2vram\",\"cantidad\":\"1\",\"stock\":\"7\",\"precio\":\"6000\",\"total\":\"6000\"}]',0,6000,6000,'Efectivo','2023-02-24 19:24:07'),(66,10020,20,62,'[{\"id\":\"39\",\"descripcion\":\"dell 5570 16 ram 256 ssd\",\"cantidad\":\"2\",\"stock\":\"0\",\"precio\":\"5900\",\"total\":\"11800\"},{\"id\":\"40\",\"descripcion\":\"dell 5580 16 ram 256 ssd\",\"cantidad\":\"1\",\"stock\":\"0\",\"precio\":\"5900\",\"total\":\"5900\"},{\"id\":\"38\",\"descripcion\":\"dell 5580 16 ram 256 ssd\",\"cantidad\":\"2\",\"stock\":\"0\",\"precio\":\"5900\",\"total\":\"11800\"},{\"id\":\"41\",\"descripcion\":\"dell 5500 32 ram 1tb ssd\",\"cantidad\":\"1\",\"stock\":\"0\",\"precio\":\"9900\",\"total\":\"9900\"}]',0,39400,39400,'Efectivo','2023-02-24 19:32:43'),(67,10021,15,67,'[{\"id\":\"66\",\"descripcion\":\"anticipo de pila\",\"cantidad\":\"1\",\"stock\":\"0\",\"precio\":\"500\",\"total\":\"500\"}]',0,500,500,'Efectivo','2023-02-25 01:04:48'),(68,10022,15,67,'[{\"id\":\"65\",\"descripcion\":\"all in one dell 3240 4 ram 500 hdd\",\"cantidad\":\"5\",\"stock\":\"0\",\"precio\":\"3600\",\"total\":\"18000\"}]',0,18000,18000,'Efectivo','2023-02-25 01:05:24'),(69,10023,15,67,'[{\"id\":\"62\",\"descripcion\":\"hp torre 8300 4 ram sin disco\",\"cantidad\":\"1\",\"stock\":\"0\",\"precio\":\"1500\",\"total\":\"1500\"}]',0,1500,1500,'Efectivo','2023-02-25 01:05:56'),(70,10024,15,67,'[{\"id\":\"61\",\"descripcion\":\"lenovo t470  ram 256 ssd\",\"cantidad\":\"10\",\"stock\":\"0\",\"precio\":\"4900\",\"total\":\"49000\"}]',0,49000,49000,'Efectivo','2023-02-25 01:06:38'),(71,10025,15,62,'[{\"id\":\"59\",\"descripcion\":\"lenovo x140e 4 ram 320 hdd\",\"cantidad\":\"1\",\"stock\":\"2\",\"precio\":\"1400\",\"total\":\"1400\"}]',0,1400,1400,'Efectivo','2023-02-25 19:47:36'),(72,10026,15,62,'[{\"id\":\"32\",\"descripcion\":\"dell e7280 16 ram 512 ssd\",\"cantidad\":\"1\",\"stock\":\"0\",\"precio\":\"4400\",\"total\":\"4400\"}]',0,4400,4400,'Efectivo','2023-02-25 19:51:06'),(73,10027,15,62,'[{\"id\":\"13\",\"descripcion\":\"apartada HP ZBOOK 15 G3 32GB RAM 256GB SSD  15 PULGADAS NVIDIA QUADRO M2000M 4GB VRAM\",\"cantidad\":\"1\",\"stock\":\"0\",\"precio\":\"11399\",\"total\":\"11399\"}]',0,11399,11399,'Efectivo','2023-02-25 19:52:07'),(74,10028,15,62,'[{\"id\":\"94\",\"descripcion\":\"dell 5500 8 ram 512 ssd\",\"cantidad\":\"1\",\"stock\":\"0\",\"precio\":\"6400\",\"total\":\"6400\"}]',0,6400,6400,'Efectivo','2023-02-25 19:54:12'),(75,10029,15,62,'[{\"id\":\"25\",\"descripcion\":\"venta ssd 256\",\"cantidad\":\"1\",\"stock\":\"0\",\"precio\":\"950\",\"total\":\"950\"}]',0,950,950,'Efectivo','2023-02-25 19:55:26'),(76,10030,15,62,'[{\"id\":\"95\",\"descripcion\":\"hdd\",\"cantidad\":\"2\",\"stock\":\"0\",\"precio\":\"450\",\"total\":\"900\"}]',0,900,900,'Efectivo','2023-02-25 19:58:20'),(78,10031,15,62,'[{\"id\":\"96\",\"descripcion\":\"dell 5420 8 ram 500 hdd\",\"cantidad\":\"1\",\"stock\":\"0\",\"precio\":\"2600\",\"total\":\"2600\"}]',0,2600,2600,'Efectivo','2023-02-25 20:07:34'),(79,10032,15,62,'[{\"id\":\"100\",\"descripcion\":\"lenovo t470 touch 8 ram 256 ssd\",\"cantidad\":\"1\",\"stock\":\"0\",\"precio\":\"4100\",\"total\":\"4100\"}]',0,4100,4100,'Efectivo','2023-02-25 20:24:04'),(80,10033,15,72,'[{\"id\":\"101\",\"descripcion\":\"Dell latitude display 14 8gb ram 120gb ssd\",\"cantidad\":\"1\",\"stock\":\"0\",\"precio\":\"2600\",\"total\":\"2600\"}]',0,2600,2600,'Efectivo','2023-02-25 20:39:18'),(81,10034,15,72,'[{\"id\":\"106\",\"descripcion\":\"Lenovo thinkpad t480 display 14 16gb ram 512gb ssd\",\"cantidad\":\"1\",\"stock\":\"1\",\"precio\":\"7400\",\"total\":\"7400\"}]',0,7400,7400,'Efectivo','2023-02-25 22:11:43'),(82,10035,22,62,'[{\"id\":\"141\",\"descripcion\":\"monitor lenovo 27\",\"cantidad\":\"1\",\"stock\":\"0\",\"precio\":\"2800\",\"total\":\"2800\"},{\"id\":\"140\",\"descripcion\":\"lenovo x1 carbon 16 ram 256 ssd\",\"cantidad\":\"4\",\"stock\":\"0\",\"precio\":\"10000\",\"total\":\"40000\"}]',0,42800,42800,'Efectivo','2023-02-28 17:12:45'),(83,10036,15,72,'[{\"id\":\"142\",\"descripcion\":\"Mini pc lenovo thinkpad 720q 8gb ram 256gb ssd\",\"cantidad\":\"1\",\"stock\":\"0\",\"precio\":\"4800\",\"total\":\"4800\"}]',0,4800,4800,'Efectivo','2023-02-28 17:19:07'),(84,10037,15,62,'[{\"id\":\"143\",\"descripcion\":\"kit mini pc m720q monitor teclado y mouse\",\"cantidad\":\"1\",\"stock\":\"0\",\"precio\":\"4000\",\"total\":\"4000\"}]',0,4000,4000,'Efectivo','2023-02-28 17:20:41'),(85,10038,15,62,'[{\"id\":\"100\",\"descripcion\":\"lenovo t470 touch 8 ram 256 ssd\",\"cantidad\":\"1\",\"stock\":\"0\",\"precio\":\"4700\",\"total\":\"4700\"}]',0,4700,4700,'Efectivo','2023-02-28 17:26:12'),(86,10039,15,62,'[{\"id\":\"144\",\"descripcion\":\"dell xps 15 9550 8 ram 512 ssd\",\"cantidad\":\"1\",\"stock\":\"0\",\"precio\":\"6800\",\"total\":\"6800\"}]',0,6800,6800,'Efectivo','2023-02-28 17:41:50'),(87,10040,15,62,'[{\"id\":\"145\",\"descripcion\":\"hp 640g4 8 ram 512 ssd\",\"cantidad\":\"1\",\"stock\":\"0\",\"precio\":\"4900\",\"total\":\"4900\"}]',0,4900,4900,'Efectivo','2023-02-28 17:45:39'),(88,10041,15,62,'[{\"id\":\"146\",\"descripcion\":\"lenovo m710q 8 ram 500 hdd\",\"cantidad\":\"1\",\"stock\":\"0\",\"precio\":\"2500\",\"total\":\"2500\"}]',0,2500,2500,'Efectivo','2023-02-28 17:54:14'),(89,10042,15,62,'[{\"id\":\"148\",\"descripcion\":\"dell 5490 24 ram 256 ssd\",\"cantidad\":\"1\",\"stock\":\"0\",\"precio\":\"6000\",\"total\":\"6000\"}]',0,6000,6000,'Efectivo','2023-02-28 18:08:57'),(90,10042,15,72,'[{\"id\":\"147\",\"descripcion\":\"Mini pc m93p 8gb ram 240gb ssd 500gb hdd\",\"cantidad\":\"1\",\"stock\":\"0\",\"precio\":\"4100\",\"total\":\"4100\"}]',0,4100,4100,'Efectivo','2023-02-28 18:08:59'),(91,10043,15,62,'[{\"id\":\"149\",\"descripcion\":\"cargador dell delgado \",\"cantidad\":\"1\",\"stock\":\"0\",\"precio\":\"400\",\"total\":\"400\"}]',0,400,400,'Efectivo','2023-02-28 18:10:50'),(92,10044,15,72,'[{\"id\":\"150\",\"descripcion\":\"Monitor lenovo 19 pulgadas\",\"cantidad\":\"1\",\"stock\":\"0\",\"precio\":\"1100\",\"total\":\"1100\"}]',0,1100,1100,'Efectivo','2023-02-28 18:18:26'),(93,10045,15,62,'[{\"id\":\"151\",\"descripcion\":\"dell 3490 8 ram 512 sd\",\"cantidad\":\"1\",\"stock\":\"0\",\"precio\":\"4200\",\"total\":\"4200\"}]',0,4200,4200,'Efectivo','2023-02-28 18:20:06'),(94,10046,15,62,'[{\"id\":\"152\",\"descripcion\":\"dell e5450 8 ram 256 ssd\",\"cantidad\":\"1\",\"stock\":\"0\",\"precio\":\"3500\",\"total\":\"3500\"}]',0,3500,3500,'Efectivo','2023-02-28 18:27:10'),(95,10047,15,72,'[{\"id\":\"153\",\"descripcion\":\"Teclado y mause alambrico\",\"cantidad\":\"1\",\"stock\":\"0\",\"precio\":\"200\",\"total\":\"200\"}]',0,200,200,'Efectivo','2023-02-28 18:30:20'),(96,10048,15,72,'[{\"id\":\"70\",\"descripcion\":\"Dell 5290 2 in 1 display 12 t iluminado 16 ram 256 ssd\",\"cantidad\":\"1\",\"stock\":\"2\",\"precio\":\"7400\",\"total\":\"7400\"}]',0,7400,7400,'Efectivo','2023-02-28 18:40:17'),(97,10049,15,72,'[{\"id\":\"159\",\"descripcion\":\"Mini pc hp prodesk 600 g3 8gb ram 256gb ssd\",\"cantidad\":\"1\",\"stock\":\"0\",\"precio\":\"3800\",\"total\":\"3800\"}]',0,3800,3800,'Efectivo','2023-02-28 20:33:59'),(98,10050,15,72,'[{\"id\":\"160\",\"descripcion\":\"Monitor 24 pulgadas\",\"cantidad\":\"1\",\"stock\":\"0\",\"precio\":\"1800\",\"total\":\"1800\"}]',0,1800,1800,'Efectivo','2023-02-28 20:41:44'),(99,10051,15,72,'[{\"id\":\"153\",\"descripcion\":\"Teclado y mause alambrico\",\"cantidad\":\"1\",\"stock\":\"0\",\"precio\":\"200\",\"total\":\"200\"}]',0,200,200,'Efectivo','2023-02-28 20:44:07'),(100,10052,15,62,'[{\"id\":\"154\",\"descripcion\":\"lenovo x1 yoga 360 touch 16 ram 512ssd\",\"cantidad\":\"1\",\"stock\":\"0\",\"precio\":\"11300\",\"total\":\"11300\"}]',0,11300,11300,'Efectivo','2023-02-28 20:54:46'),(101,10053,15,62,'[{\"id\":\"199\",\"descripcion\":\"lenovo t480 i5g8 16 ram 512 ssd\",\"cantidad\":\"1\",\"stock\":\"0\",\"precio\":\"6000\",\"total\":\"6000\"}]',0,6000,6000,'Efectivo','2023-03-01 01:14:50'),(102,10054,15,62,'[{\"id\":\"201\",\"descripcion\":\"hp zbook 15g3 xeon 64 ram 256 ssd\",\"cantidad\":\"1\",\"stock\":\"0\",\"precio\":\"12900\",\"total\":\"12900\"}]',0,12900,12900,'Efectivo','2023-03-01 01:18:35'),(103,10055,15,62,'[{\"id\":\"204\",\"descripcion\":\"macbook pro 2015 i7 16 ram 256 ssd\",\"cantidad\":\"1\",\"stock\":\"0\",\"precio\":\"8500\",\"total\":\"8500\"}]',0,8500,8500,'Efectivo','2023-03-01 01:21:21'),(104,10056,15,1,'[{\"id\":\"206\",\"descripcion\":\"hp 640 g2 8 ram 256ssd\",\"cantidad\":\"1\",\"stock\":\"1\",\"precio\":\"4200\",\"total\":\"4200\"}]',0,4200,4200,'Efectivo','2023-03-02 02:16:01');
/*!40000 ALTER TABLE `ventas` ENABLE KEYS */;
UNLOCK TABLES;
/*!40103 SET TIME_ZONE=@OLD_TIME_ZONE */;

/*!40101 SET SQL_MODE=@OLD_SQL_MODE */;
/*!40014 SET FOREIGN_KEY_CHECKS=@OLD_FOREIGN_KEY_CHECKS */;
/*!40014 SET UNIQUE_CHECKS=@OLD_UNIQUE_CHECKS */;
/*!40101 SET CHARACTER_SET_CLIENT=@OLD_CHARACTER_SET_CLIENT */;
/*!40101 SET CHARACTER_SET_RESULTS=@OLD_CHARACTER_SET_RESULTS */;
/*!40101 SET COLLATION_CONNECTION=@OLD_COLLATION_CONNECTION */;
/*!40111 SET SQL_NOTES=@OLD_SQL_NOTES */;

-- Dump completed on 2023-03-06  7:17:15
